<property file="build-user.properties"/>
<property name="plugin.name.versioned" value="${plugin.name}"/>
<property name="plugin.install.dir" value="${install.dir}/plugins/${plugin.name.versioned}"/>
<loadproperties srcFile="build.properties">
<filterchain>
    <tokenfilter>
        <replaceregex pattern="," replace=":" flags="g"/>
    </tokenfilter>
</filterchain>
</loadproperties>

    <path id="project.classpath">
        <pathelement location="bin"/>
        <pathelement path="${jars.extra.classpath}"/>
    </path>
    <target name="init">
        <mkdir dir="bin"/>
    </target>
    <target name="clean">
        <delete dir="bin"/>
    </target>
    <target depends="init" name="build">
        <echo message="${ant.project.name}: ${ant.file}"/>
        <javac destdir="bin" source="1.7" target="1.7" debug="${debug}" encoding="utf-8">
            <src path="src"/>
            <classpath refid="project.classpath"/>
        </javac>
    </target>

<target name="help">
    <echo message="Please run: $ ant -v -projecthelp"/>
</target>

<target name="message">
  <echo>
  ================================================================
  Installing plugin ${plugin.name.versioned} to
  ${plugin.install.dir}
  </echo>
</target>

<target name="init-install">
   <mkdir dir="${plugin.install.dir}"/>
</target>

<target name="jar" depends="init-install,build">
   <jar destfile="${plugin.install.dir}/${plugin.jar.name}" basedir="bin" compress="yes"/>
</target>
<target name="jar-proto" depends="init-install,build">
   <jar destfile="${plugin.install.dir}/${proto.jar.name}" basedir="bin" compress="yes" includes="biz/ganttproject/core/proto/**"/>
</target>


<target name="copy-libs">
   <copy todir="${plugin.install.dir}">
      <fileset dir=".">
        <include name="plugin.xml"/>
        <include name="lib/**"/>
        <include name="resources/**"/>
      </fileset>
   </copy>
</target>

<target name="install" depends="message,clean,jar,copy-libs">
</target>

<target name="copy-src">
  <mkdir dir="${install.dir}/${plugin.name.versioned}"/>
    <copy todir="${install.dir}/${plugin.name.versioned}">
      <fileset dir=".">
        <include name="src/**"/>
        <include name="test/**"/>
         <include name="lib/**"/>
        <include name="build.xml"/>
        <include name="build-user.xml"/>
        <include name="build-user.properties"/>
        <include name="plugin.xml"/>
        <include name="webstart-plugin.xml"/>
        <include name=".project"/>
        <include name=".classpath"/>
        <include name="build.properties"/>
      </fileset>
  </copy>
</target>
